Date,NFLX,AAPL,MSFT,GOOG
4/22/2019,377.339996,49.225201,117.806213,62.442001
4/23/2019,381.890015,49.935188,119.405365,63.227501
4/24/2019,374.230011,49.858189,118.996056,62.799999
4/25/2019,368.329987,49.405697,122.93689,63.172501
4/26/2019,374.850006,49.169853,123.641281,63.609001
4/29/2019,371.829987,49.244457,123.527061,64.378998
4/30/2019,370.540009,48.296188,124.317146,59.424
5/1/2019,378.809998,50.666843,121.727982,58.403999
5/2/2019,379.059998,50.337116,120.138336,58.130501
5/3/2019,385.029999,50.962868,122.698921,59.27
5/6/2019,378.670013,50.175861,121.984978,59.469501
5/7/2019,370.459991,48.823277,119.481522,58.705002
5/8/2019,364.369995,48.832909,119.472008,58.313499
5/9/2019,362.75,48.308235,119.462494,58.118999
5/10/2019,361.040009,47.638988,121.014053,58.213501
5/13/2019,345.26001,44.870243,117.415924,56.601501
5/14/2019,345.609985,45.580544,118.72953,56.021999
5/15/2019,354.98999,46.126572,120.401497,58.210499
5/16/2019,359.309998,45.923626,123.181763,58.949001
5/17/2019,354.450012,45.662689,122.360115,58.115002
5/20/2019,348.109985,44.234833,120.592606,56.942501
5/21/2019,354.269989,45.082848,121.242287,57.481499
5/22/2019,359.730011,44.159927,121.977943,57.570999
5/23/2019,352.209991,43.406132,120.554375,57.038502
5/24/2019,354.390015,43.239422,120.611702,56.6735
5/28/2019,355.059998,43.060642,120.535286,56.7075
5/29/2019,349.190002,42.855289,119.369675,55.823002
5/30/2019,351.850006,43.077553,120.124458,55.897499
5/31/2019,343.279999,42.297184,118.165833,55.181499
6/3/2019,336.630005,41.869553,114.497055,51.811501
6/4/2019,353.399994,43.401302,117.669029,52.6525
6/5/2019,355.730011,44.101944,120.219994,52.111
6/6/2019,357.130005,44.749439,122.121262,52.216999
6/7/2019,360.869995,45.94054,125.541641,53.301998
6/10/2019,352.01001,46.527618,126.688126,54.019001
6/11/2019,351.269989,47.066395,126.210464,53.936001
6/12/2019,345.559998,46.916607,125.627655,53.851501
6/13/2019,343.429993,46.906944,126.420639,54.438499
6/14/2019,339.730011,46.566288,126.54483,54.267502
6/17/2019,350.619995,46.844131,126.927002,54.625
6/18/2019,357.119995,47.945831,129.134033,55.18
6/19/2019,363.519989,47.805695,129.640381,55.116501
6/20/2019,365.209991,48.18985,130.844193,55.570999
6/21/2019,369.209991,48.025555,130.863327,56.094002
6/24/2019,371.040009,47.977242,131.637192,55.776001
6/25/2019,360.299988,47.250015,127.481155,54.317501
6/26/2019,362.200012,48.271996,127.958832,53.990002
6/27/2019,370.019989,48.257496,128.169052,53.800499
6/28/2019,367.320007,47.817783,127.987534,54.045502
7/1/2019,374.600006,48.694798,129.630783,54.897499
7/2/2019,375.429993,48.979885,130.490692,55.5625
7/3/2019,381.720001,49.385773,131.331467,56.078999
7/5/2019,380.549988,49.342289,130.949295,56.579498
7/8/2019,376.160004,48.325138,130.853775,55.817501
7/9/2019,379.929993,48.619904,130.376038,56.241501
7/10/2019,381,49.100681,131.704086,57.023998
7/11/2019,379.5,48.743114,132.229553,57.210499
7/12/2019,373.25,49.117584,132.70723,57.244999
7/15/2019,366.600006,49.57906,132.70723,57.516998
7/16/2019,365.98999,49.40752,130.968414,57.679001
7/17/2019,362.440002,49.129673,130.194534,57.317501
7/18/2019,325.209991,49.687782,130.337799,57.316502
7/19/2019,315.100006,48.94606,130.5289,56.505001
7/22/2019,310.619995,50.064674,132.25824,56.9035
7/23/2019,307.299988,50.456078,133.079926,57.310501
7/24/2019,317.940002,50.414997,134.446106,56.890499
7/25/2019,326.459991,50.016357,133.939758,56.605999
7/26/2019,335.779999,50.190308,135.038513,62.5205
7/29/2019,332.700012,50.659012,134.74231,61.970501
7/30/2019,325.929993,50.441566,134.092606,61.257
7/31/2019,322.98999,51.470798,130.194534,60.834
8/1/2019,319.5,50.357014,131.904709,60.4505
8/2/2019,318.829987,49.29155,130.796448,59.699501
8/5/2019,307.630005,46.711246,126.315521,57.616001
8/6/2019,310.100006,47.595505,128.684982,58.497501
8/7/2019,304.290009,48.088367,129.248657,58.699501
8/8/2019,315.899994,49.149006,132.697693,60.240002
8/9/2019,308.929993,48.743999,131.570343,59.400501
8/12/2019,310.829987,48.6203,129.735916,58.7355
8/13/2019,312.279999,50.679302,132.420639,59.863499
8/14/2019,299.109985,49.170818,128.432892,58.2145
8/15/2019,295.76001,48.925888,128.145279,58.362999
8/16/2019,302.799988,50.080276,130.493851,58.880001
8/19/2019,309.380005,51.013988,132.679459,59.922501
8/20/2019,298.98999,51.016415,131.577072,59.134499
8/21/2019,297.809998,51.569355,133.043716,59.5625
8/22/2019,296.929993,51.525692,132.075546,59.476501
8/23/2019,291.440002,49.14415,127.867279,57.564499
8/26/2019,294.980011,50.077854,129.84201,58.4445
8/27/2019,291.029999,49.512779,130.119995,58.391998
8/28/2019,291.769989,49.845032,129.947464,58.550999
8/29/2019,296.779999,50.689003,132.401443,59.642502
8/30/2019,293.75,50.62352,132.152252,59.404999
9/3/2019,289.290009,49.886261,130.407547,58.419498
9/4/2019,291.519989,50.732666,131.931778,59.070499
9/5/2019,293.25,51.724564,134.251587,60.569
9/6/2019,290.170013,51.719707,133.340927,60.246498
9/9/2019,294.339996,51.940403,131.826324,60.220501
9/10/2019,287.98999,52.553974,130.445969,60.299999
9/11/2019,288.269989,54.224941,130.484253,61.008499
9/12/2019,288.859985,54.103676,131.826324,61.712502
9/13/2019,294.149994,53.051144,131.634598,61.978001
9/16/2019,294.290009,53.33004,130.685593,61.564999
9/17/2019,298.600006,53.524055,131.701706,61.4575
9/18/2019,291.559998,54.02607,132.784943,61.620499
9/19/2019,286.600006,53.587112,135.229355,61.935501
9/20/2019,270.75,52.803772,133.666824,61.496498
9/23/2019,265.920013,53.043861,133.379227,61.7015
9/24/2019,254.589996,52.791645,131.692093,60.938
9/25/2019,264.75,53.604088,133.590103,62.326
9/26/2019,263.309998,53.327606,133.762665,62.0695
9/27/2019,263.079987,53.068115,132.027603,61.254501
9/30/2019,267.619995,54.317093,133.273819,60.950001
10/1/2019,269.579987,54.467457,131.394974,60.255001
10/2/2019,268.029999,53.102074,129.075134,58.831501
10/3/2019,268.149994,53.553158,130.637634,59.391499
10/4/2019,272.790009,55.054356,132.401443,60.450001
10/7/2019,274.459991,55.066483,131.442902,60.383999
10/8/2019,270.720001,54.421375,130.052948,59.456501
10/9/2019,267.529999,55.059208,132.51651,60.115501
10/10/2019,280.480011,55.801319,133.340927,60.433498
10/11/2019,282.929993,57.285538,133.896866,60.772499
10/14/2019,285.529999,57.203075,133.772263,60.856998
10/15/2019,284.25,57.069702,135.708633,62.150501
10/16/2019,286.279999,56.839306,134.596664,62.181999
10/17/2019,293.350006,57.05999,133.906479,62.6535
10/18/2019,275.299988,57.33403,131.720871,62.274502
10/21/2019,278.049988,58.328362,132.698669,62.307499
10/22/2019,266.690002,58.194984,130.723923,62.139999
10/23/2019,271.269989,58.975887,131.557892,62.956501
10/24/2019,271.5,59.072899,134.146118,63.0495
10/25/2019,276.820007,59.800449,134.903397,63.2565
10/28/2019,281.859985,60.399479,138.220154,64.5
10/29/2019,281.209991,59.002563,136.916458,63.131001
10/30/2019,291.450012,58.995289,138.622757,63.064499
10/31/2019,287.410004,60.329159,137.434113,63.005501
11/1/2019,286.809998,62.041351,137.769623,63.687
11/4/2019,292.859985,62.448769,138.565262,64.568497
11/5/2019,288.029999,62.359039,138.479034,64.601501
11/6/2019,288.589996,62.385719,138.095551,64.589996
11/7/2019,289.570007,63.105717,138.287247,65.443001
11/8/2019,291.570007,63.278442,139.916885,65.568497
11/11/2019,294.179993,63.779537,140.060669,64.959503
11/12/2019,292.01001,63.72113,140.980911,64.940002
11/13/2019,283.109985,64.331703,141.210999,64.900002
11/14/2019,289.619995,63.886547,141.929916,65.572998
11/15/2019,295.029999,64.645485,143.760849,66.7435
11/18/2019,302.570007,64.971436,144.115524,66.035004
11/19/2019,302.600006,64.774414,144.163483,65.773003
11/20/2019,305.160004,64.020332,143.913376,65.152496
11/21/2019,311.690002,63.733303,143.778748,65.067497
11/22/2019,310.480011,63.677368,143.884521,64.766998
11/25/2019,315.549988,64.793877,145.461975,65.334503
11/26/2019,312.48999,64.287926,146.231461,65.677498
11/27/2019,315.929993,65.151436,146.510422,65.649498
11/29/2019,314.660004,65.007927,145.606277,65.248001
12/2/2019,309.98999,64.256294,143.846024,64.496002
12/3/2019,306.160004,63.110596,143.615204,64.764
12/4/2019,304.320007,63.667629,144.134613,66.027
12/5/2019,302.859985,64.601707,144.211533,66.406502
12/6/2019,307.350006,65.849571,145.962143,67.030998
12/9/2019,302.5,64.92765,145.587006,67.178001
12/10/2019,293.119995,65.307114,145.365814,67.233002
12/11/2019,298.929993,65.864151,145.914078,67.250999
12/12/2019,298.440002,66.032005,147.395294,67.513496
12/13/2019,298.5,66.929573,148.636124,67.391502
12/16/2019,304.209991,68.075287,149.597977,68.058502
12/17/2019,315.480011,68.209068,148.789993,67.755997
12/18/2019,320.799988,68.046089,148.482193,67.630997
12/19/2019,332.220001,68.114189,149.771103,67.802002
12/20/2019,336.899994,67.973114,151.406265,67.4795
12/23/2019,333.100006,69.082321,151.406265,67.442001
12/24/2019,333.200012,69.147995,151.377396,67.178001
12/26/2019,332.630005,70.519928,152.61821,68.019997
12/27/2019,329.089996,70.493149,152.897156,67.594498
12/30/2019,323.309998,70.911545,151.579422,66.806999
12/31/2019,323.570007,71.429657,151.685211,66.850998
1/2/2020,329.809998,73.059425,154.493835,68.3685
1/3/2020,325.899994,72.349136,152.570129,68.032997
1/6/2020,335.829987,72.925629,152.964493,69.710503
1/7/2020,330.75,72.582664,151.569763,69.667
1/8/2020,339.26001,73.750252,153.984055,70.216003
1/9/2020,335.660004,75.316772,155.907791,70.991501
1/10/2020,329.049988,75.487045,155.186356,71.486504
1/13/2020,338.920013,77.09977,157.052353,71.961502
1/14/2020,338.690002,76.058662,155.946243,71.543999
1/15/2020,339.070007,75.732697,156.956146,71.959999
1/16/2020,338.619995,76.681374,159.832169,72.584999
1/17/2020,339.670013,77.530327,160.726669,74.019501
1/21/2020,338.109985,77.00489,160.149567,74.220001
1/22/2020,326,77.279755,159.380081,74.297501
1/23/2020,349.600006,77.651939,160.361145,74.332497
1/24/2020,353.160004,77.428169,158.745255,73.335503
1/27/2020,342.880005,75.15136,156.0905,71.695
1/28/2020,348.519989,77.277351,159.149231,72.627998
1/29/2020,343.160004,78.894928,161.630859,72.931503
1/30/2020,347.73999,78.780586,166.190018,72.792
1/31/2020,345.089996,75.287582,163.737335,71.711502
2/3/2020,358,75.080826,167.72905,74.296997
2/4/2020,369.01001,77.559509,173.250061,72.3535
2/5/2020,369.670013,78.191963,173.038483,72.411499
2/6/2020,366.950012,79.106567,176.626236,73.811501
2/7/2020,366.769989,78.031288,176.876282,73.961502
2/10/2020,371.070007,78.401901,181.502838,75.433998
2/11/2020,373.690002,77.928879,177.405334,75.439499
2/12/2020,380.01001,79.77951,177.665039,75.913498
2/13/2020,381.399994,79.211411,176.703201,75.733002
2/14/2020,380.399994,79.230911,178.280624,76.037003
2/18/2020,387.779999,77.780151,180.088867,75.983498
2/19/2020,386.190002,78.906616,180.629013,76.334503
2/20/2020,386,78.097115,177.870575,75.907501
2/21/2020,380.070007,76.329399,172.24762,74.255501
2/24/2020,368.700012,72.703705,164.82106,71.079498
2/25/2020,360.089996,70.241066,162.101257,69.422501
2/26/2020,379.23999,71.35537,164.126678,69.658997
2/27/2020,371.709991,66.690994,152.562439,65.904503
2/28/2020,369.029999,66.651978,156.256424,66.966499
3/2/2020,381.049988,72.857323,166.653595,69.455498
3/3/2020,368.769989,70.543427,158.667633,67.069504
3/4/2020,383.790009,73.815552,164.493164,69.325996
3/5/2020,372.779999,71.421211,160.365204,65.952003
3/6/2020,368.970001,70.472702,155.832077,64.920502
3/9/2020,346.48999,64.898888,145.27095,60.778
3/10/2020,364.130005,69.573006,155.20517,64.019501
3/11/2020,349.920013,67.1567,148.174072,60.7705
3/12/2020,315.25,60.524654,134.121521,55.745499
3/13/2020,336.299988,67.776001,153.189362,60.9865
3/16/2020,298.839996,59.056835,130.610764,54.216499
3/17/2020,319.75,61.653572,141.364792,55.990002
3/18/2020,315.470001,60.144295,135.41391,54.84
3/19/2020,332.029999,59.683464,137.641846,55.7645
3/20/2020,332.829987,55.894428,132.472214,53.616001
3/23/2020,360.269989,54.706997,131.150833,52.831001
3/24/2020,357.320007,60.195488,143.071899,56.723
3/25/2020,342.390015,59.863892,141.702347,55.1245
3/26/2020,362.98999,63.014118,150.565979,58.087502
3/27/2020,357.119995,60.405186,144.383606,55.5355
3/30/2020,370.959991,62.129017,154.539658,57.341
3/31/2020,375.5,62.002235,152.109146,58.140499
4/1/2020,364.079987,58.739861,146.708038,55.280998
4/2/2020,370.079987,59.720028,149.746124,56.042
4/3/2020,361.76001,58.861778,148.366974,54.894001
4/6/2020,379.959991,63.996708,159.400665,59.346001
4/7/2020,372.279999,63.255489,157.683884,59.3255
4/8/2020,371.119995,64.874504,159.265625,60.514
4/9/2020,370.720001,65.342636,159.275314,60.572498
4/13/2020,396.720001,66.62516,159.632187,60.877998
4/14/2020,413.549988,69.989937,167.531281,63.461498
4/15/2020,426.75,69.35112,165.77594,63.123501
4/16/2020,439.170013,69.902168,170.752655,63.1735
4/17/2020,422.959991,68.95369,172.257294,64.162498
4/20/2020,437.48999,67.522453,168.843018,63.330502
4/21/2020,433.829987,65.435295,161.860123,60.817001
4/22/2020,421.420013,67.320068,167.357712,63.1605
4/23/2020,426.700012,67.059181,165.33223,63.815498
4/24/2020,424.98999,68.99514,168.351135,63.9655
4/27/2020,421.380005,69.043915,167.868866,63.793999
4/28/2020,403.829987,67.924744,163.779419,61.683498
4/29/2020,411.890015,70.155739,171.128815,67.073997
4/30/2020,419.850006,71.63575,172.845596,67.432999
5/1/2020,415.269989,70.482483,168.370422,66.030502
5/4/2020,428.149994,71.479713,172.488754,66.339996
5/5/2020,424.679993,72.552536,174.340591,67.555496
5/6/2020,434.26001,73.301086,176.057358,67.364998
5/7/2020,436.529999,74.05938,177.079742,68.627998
5/8/2020,435.549988,75.822113,178.121323,69.418503
5/11/2020,440.519989,77.015205,180.108185,70.163002
5/12/2020,431.820007,76.135063,176.028412,68.787003
5/13/2020,438.269989,75.215797,173.366455,67.466499
5/14/2020,441.950012,75.677864,174.118713,67.806503
5/15/2020,454.190002,75.230469,176.655334,68.6595
5/18/2020,452.579987,77.002991,178.343185,69.196999
5/19/2020,451.040009,76.558029,177.108658,68.674248
5/20/2020,447.670013,78.046936,179.565262,70.335999
5/21/2020,436.25,77.465065,177.408478,70.139999
5/22/2020,429.320007,77.963806,177.485825,70.521004
5/26/2020,414.769989,77.435715,175.609528,70.850998
5/27/2020,419.890015,77.773102,175.84166,70.891998
5/28/2020,413.440002,77.80732,175.445084,70.836502
5/29/2020,419.730011,77.731537,177.234375,71.445999
6/1/2020,425.920013,78.687469,176.828156,71.591003
6/2/2020,427.309998,79.051758,178.83989,71.960999
6/3/2020,421.970001,79.486946,179.275101,71.819
6/4/2020,414.329987,78.802399,176.915253,70.609001
6/5/2020,419.600006,81.046761,181.054718,71.919502
6/8/2020,419.48999,81.525955,182.17662,72.330498
6/9/2020,434.049988,84.100372,183.569382,72.807999
6/10/2020,434.480011,86.264076,190.378235,73.292503
6/11/2020,425.559998,82.122498,180.155228,70.192001
6/12/2020,418.070007,82.831497,181.576981,70.658997
6/15/2020,425.5,83.855881,182.737595,70.9925
6/16/2020,436.130005,86.078255,187.215591,72.136002
6/17/2020,447.769989,85.95845,187.863617,72.556
6/18/2020,449.869995,85.992699,189.875336,71.797997
6/19/2020,453.720001,85.501274,188.743744,71.585999
6/22/2020,468.040009,87.738312,193.98584,72.593002
6/23/2020,466.26001,89.611076,195.28183,73.220497
6/24/2020,457.850006,88.029243,191.345444,71.598503
6/25/2020,465.910004,89.197884,193.763351,72.066498
6/26/2020,443.399994,86.457214,189.88501,67.995003
6/29/2020,447.23999,88.449753,191.925705,69.748497
6/30/2020,455.040009,89.188103,196.829285,70.680496
7/1/2020,485.640015,89.019424,197.980255,71.902
7/2/2020,476.890015,89.019424,199.489014,73.235001
7/6/2020,493.809998,91.400703,203.783264,74.785004
7/7/2020,493.160004,91.117104,201.413681,74.259003
7/8/2020,502.779999,93.23922,205.843353,74.800003
7/9/2020,507.76001,93.640182,207.284439,75.5495
7/10/2020,548.72998,93.803986,206.655762,77.086998
7/13/2020,525.5,93.371246,200.272415,75.567001
7/14/2020,524.880005,94.916405,201.510452,76.028999
7/15/2020,523.26001,95.56916,201.210587,75.681999
7/16/2020,527.390015,94.393204,197.22583,75.900002
7/17/2020,492.98999,94.202499,196.219971,75.777496
7/20/2020,502.410004,96.187698,204.653732,78.286003
7/21/2020,490.100006,94.860161,201.897278,77.920998
7/22/2020,489.820007,95.126633,204.798798,78.4245
7/23/2020,477.579987,90.796829,195.891113,75.783997
7/24/2020,480.450012,90.571884,194.691849,75.593498
7/27/2020,495.649994,92.718483,197.158142,76.510002
7/28/2020,488.51001,91.195343,195.388199,75.016998
7/29/2020,484.480011,92.943398,197.361221,76.100998
7/30/2020,485.799988,94.068024,197.206512,76.572502
7/31/2020,488.880005,103.915878,198.280045,74.148003
8/3/2020,498.619995,106.534317,209.431564,73.722504
8/4/2020,509.640015,107.245773,206.288254,73.248497
8/5/2020,502.109985,107.634499,205.949722,73.680496
8/6/2020,509.079987,111.389786,209.247833,75.004997
8/7/2020,494.730011,108.857254,205.504807,74.724503
8/10/2020,483.380005,110.439484,201.413681,74.805
8/11/2020,466.929993,107.155014,196.703568,74.015999
8/12/2020,475.470001,110.71624,202.322845,75.331001
8/13/2020,481.329987,112.675644,201.848907,75.922501
8/14/2020,482.679993,112.575218,202.042389,75.386497
8/17/2020,482.350006,112.281311,203.37706,75.899002
8/18/2020,491.869995,113.216934,204.547363,77.93
8/19/2020,484.529999,113.358963,203.306381,77.376503
8/20/2020,497.899994,115.874374,208.037582,79.087502
8/21/2020,492.309998,121.845665,206.525146,79.021004
8/24/2020,488.809998,123.302956,207.174728,79.410004
8/25/2020,490.579987,122.29142,209.86998,80.411003
8/26/2020,547.530029,123.954475,214.407257,82.619003
8/27/2020,526.27002,122.472664,219.671677,81.716499
8/28/2020,523.890015,122.274269,221.930664,82.220497
8/31/2020,529.559998,126.420853,218.653717,81.709
9/1/2020,556.549988,131.456543,220.340698,83.0355
9/2/2020,552.840027,128.732956,224.587112,86.414001
9/3/2020,525.75,118.426491,210.674652,82.092003
9/4/2020,516.049988,118.50486,207.717651,79.552002
9/8/2020,507.019989,110.53009,196.481018,76.619499
9/9/2020,500.190002,114.938751,204.847885,77.848
9/10/2020,480.670013,111.186478,199.108398,76.600998
9/11/2020,482.029999,109.726738,197.80925,76.036003
9/14/2020,476.26001,113.018562,199.147156,75.963997
9/15/2020,495.98999,113.194885,202.414444,77.071999
9/16/2020,483.859985,109.854103,198.798157,76.044998
9/17/2020,470.200012,108.10041,196.723404,74.776497
9/18/2020,469.959991,104.671455,194.280228,72.999496
9/21/2020,487.350006,107.845718,196.364655,71.557999
9/22/2020,491.170013,109.540596,201.095886,73.273003
9/23/2020,470.609985,104.945786,194.474106,70.760498
9/24/2020,473.079987,106.02346,196.994827,71.414497
9/25/2020,482.880005,110.00106,201.483688,72.248001
9/28/2020,490.649994,112.626663,203.054291,73.225998
9/29/2020,493.480011,111.774315,200.94075,73.466499
9/30/2020,500.029999,113.459404,203.917145,73.480003
10/1/2020,527.51001,114.419518,205.982224,74.504501
10/2/2020,503.059998,110.726028,199.903397,72.920998
10/5/2020,520.650024,114.135399,203.965652,74.301003
10/6/2020,505.869995,110.863197,199.631927,72.671997
10/7/2020,534.659973,112.744232,203.432404,73.014503
10/8/2020,531.789978,112.636452,204.159561,74.296501
10/9/2020,539.440002,114.595856,209.230057,75.761002
10/12/2020,539.809998,121.875053,214.649612,78.457497
10/13/2020,554.090027,118.642036,216.06514,78.584
10/14/2020,541.450012,118.730217,214.126083,78.403999
10/15/2020,541.940002,118.259979,212.962692,77.956497
10/16/2020,530.789978,116.604248,212.962692,78.650497
10/19/2020,530.719971,113.625946,207.688583,76.730499
10/20/2020,525.419983,115.124893,208.105438,77.796501
10/21/2020,489.049988,114.497887,208.25087,79.665497
10/22/2020,485.230011,113.40062,208.33812,80.766502
10/23/2020,488.279999,112.705032,209.637283,82.050003
10/26/2020,488.23999,112.714844,203.674759,79.522499
10/27/2020,488.929993,114.233383,206.748108,80.212997
10/28/2020,486.23999,108.94297,196.500397,75.831001
10/29/2020,504.209991,112.979347,198.478195,78.362
10/30/2020,475.73999,106.650467,196.296829,81.050499
11/2/2020,484.119995,106.562294,196.161057,81.301498
11/3/2020,487.220001,108.198387,200.136047,82.510498
11/4/2020,496.950012,112.616859,209.792389,87.456497
11/5/2020,513.76001,116.614059,216.48201,88.168503
11/6/2020,514.72998,116.481567,216.898911,88.087502
11/9/2020,470.5,114.155655,211.731415,88.150002
11/10/2020,480.23999,113.812172,204.576416,87.019501
11/11/2020,490.76001,117.26667,209.947525,87.635498
11/12/2020,486.769989,116.991875,208.871353,87.491997
11/13/2020,482.839996,117.040955,209.908737,88.850998
11/16/2020,479.100006,118.061607,210.606766,89.069
11/17/2020,480.630005,117.168541,207.921219,88.5075
11/18/2020,481.790009,115.833839,205.180069,87.338997
11/19/2020,484.670013,116.432487,206.48262,88.195999
11/20/2020,488.23999,115.156677,204.509354,87.109497
11/23/2020,476.619995,111.731621,204.237167,86.742996
11/24/2020,482.880005,113.027039,207.882355,88.444
11/25/2020,485,113.871063,207.892059,88.571503
11/27/2020,491.359985,114.420647,209.214035,89.6595
11/30/2020,490.700012,116.834869,208.086487,88.037003
12/1/2020,504.579987,120.436584,210.166672,89.904999
12/2/2020,503.380005,120.789886,209.350159,91.397499
12/3/2020,497.519989,120.652489,208.251724,91.338501
12/4/2020,498.309998,119.975334,208.368393,91.399498
12/7/2020,515.780029,121.447426,208.300323,90.973999
12/8/2020,512.659973,122.065704,209.97226,90.927498
12/9/2020,493.600006,119.514069,205.879929,89.206497
12/10/2020,501.089996,120.946899,204.635727,88.766502
12/11/2020,503.220001,120.132339,207.299133,89.088501
12/14/2020,522.419983,119.514069,208.212845,88.002998
12/15/2020,519.780029,125.500549,208.144821,88.388496
12/16/2020,524.830017,125.43187,213.150848,88.150002
12/17/2020,532.900024,126.305313,213.286942,87.394997
12/18/2020,534.450012,124.303268,212.480148,86.550499
12/21/2020,528.909973,125.844055,216.368332,86.968498
12/22/2020,527.330017,129.426132,217.680634,86.175003
12/23/2020,514.47998,128.52327,214.842224,86.619003
12/24/2020,513.969971,129.51445,216.523849,86.942497
12/28/2020,519.119995,134.146652,218.672134,88.804497
12/29/2020,530.869995,132.360535,217.884766,87.935997
12/30/2020,524.590027,131.231918,215.483749,86.975998
12/31/2020,540.72998,130.221115,216.203094,87.594002
1/4/2021,522.859985,127.002083,211.605316,86.412003
1/5/2021,520.799988,128.572311,211.809433,87.045998
1/6/2021,500.48999,124.244392,206.317368,86.764503
1/7/2021,508.890015,128.484024,212.188568,89.362503
1/8/2021,510.399994,129.592972,213.481354,90.360497
1/11/2021,499.100006,126.580093,211.410904,88.335999
1/12/2021,494.25,126.403465,208.92247,87.327499
1/13/2021,507.790009,128.454529,210.293045,87.720001
1/14/2021,500.859985,126.511436,207.065842,87.009003
1/15/2021,497.980011,124.774338,206.706146,86.809502
1/19/2021,501.769989,125.451485,210.390228,89.542999
1/20/2021,586.340027,129.573318,218.069427,94.345001
1/21/2021,579.840027,134.323303,218.681824,94.5625
1/22/2021,565.169983,136.482376,219.63443,95.052498
1/25/2021,556.780029,140.260712,223.114365,94.970001
1/26/2021,561.929993,140.496231,225.836105,95.862
1/27/2021,523.280029,139.416748,226.390152,91.539497
1/28/2021,538.599976,134.5392,232.251617,93.155502
1/29/2021,532.390015,129.504654,225.476486,91.787003
2/1/2021,539.039978,131.644104,232.951492,95.067497
2/2/2021,548.159973,132.478287,232.815399,96.375504
2/3/2021,539.450012,131.447815,236.20784,103.503502
2/4/2021,552.159973,134.833618,235.245529,103.1185
2/5/2021,550.789978,134.415878,235.430222,104.900002
2/8/2021,547.919983,134.563339,235.692688,104.6455
2/9/2021,559.070007,133.678726,236.956345,104.175499
2/10/2021,563.590027,133.069366,236.032883,104.768997
2/11/2021,557.590027,132.813858,237.656235,104.794502
2/12/2021,556.52002,133.049744,238.142212,105.205498
2/16/2021,557.280029,130.907104,236.888306,106.095001
2/17/2021,551.340027,128.597366,237.921036,106.415497
2/18/2021,548.219971,127.486748,237.521561,105.860001
2/19/2021,540.219971,127.643982,234.774094,105.056999
2/22/2021,533.780029,123.840332,228.480164,103.244003
2/23/2021,546.150024,123.702736,227.272079,103.542999
2/24/2021,553.409973,123.201477,228.519165,104.758499
2/25/2021,546.700012,118.916206,223.102158,101.568001
2/26/2021,538.849976,119.181572,226.404938,101.843002
3/1/2021,550.640015,125.599655,230.847702,104.0755
3/2/2021,547.820007,122.975418,227.856659,103.792
3/3/2021,520.700012,119.967857,221.708893,101.335503
3/4/2021,511.290009,118.07093,220.900208,102.454498
3/5/2021,516.390015,119.338829,225.64502,105.427002
3/8/2021,493.329987,114.36557,221.543243,101.208504
3/9/2021,506.440002,119.014496,227.768967,102.635002
3/10/2021,504.540009,117.923515,226.443909,102.751503
3/11/2021,523.059998,119.869568,231.032806,105.738503
3/12/2021,518.02002,118.955521,229.688278,103.096001
3/15/2021,520.25,121.864777,228.772476,103.324501
3/16/2021,524.030029,123.417694,231.5979,104.625999
3/17/2021,524.440002,122.621597,230.945114,104.554001
3/18/2021,504.790009,118.464073,224.787628,101.810997
3/19/2021,512.179993,117.933342,224.427185,102.160004
3/22/2021,523.109985,121.275063,229.922134,101.929497
3/23/2021,535.090027,120.439636,231.471298,102.648003
3/24/2021,520.809998,118.031624,229.405746,102.252998
3/25/2021,502.859985,118.523056,226.365982,102.218002
3/26/2021,508.049988,119.132431,230.399536,101.777496
3/29/2021,513.950012,119.309357,229.191437,102.797501
3/30/2021,513.390015,117.844894,225.888596,102.777
3/31/2021,521.659973,120.056328,229.707779,103.431503
4/1/2021,539.419983,120.891739,236.118607,106.887497
4/5/2021,540.669983,123.742058,242.665817,111.277496
4/6/2021,544.530029,124.04673,241.486923,111.237503
4/7/2021,546.98999,125.707764,243.474457,112.484001
4/8/2021,554.580017,128.125595,246.738312,113.272003
4/9/2021,555.309998,130.720337,249.271484,114.293999
4/12/2021,552.780029,128.99054,249.329926,112.739502
4/13/2021,553.72998,132.125824,251.843582,113.363503
4/14/2021,540.02002,129.766968,249.018158,112.741997
4/15/2021,549.219971,132.194626,252.827621,114.833
4/16/2021,546.539978,131.860458,254.035721,114.888
4/19/2021,554.440002,132.528824,252.087173,115.120003
4/20/2021,549.570007,130.828506,251.619507,114.681503
4/21/2021,508.899994,131.211792,253.879852,114.664497
4/22/2021,508.779999,129.678513,250.557541,113.396004
4/23/2021,505.549988,132.017731,254.435211,115.764999
4/26/2021,510.299988,132.410858,254.82489,116.336998
4/27/2021,505.549988,132.086502,255.234131,115.356003
4/28/2021,506.519989,131.290421,248.014648,118.995499
4/29/2021,509,131.192154,246.017365,121.494499
4/30/2021,513.469971,129.206741,245.695847,120.505997
5/3/2021,509.109985,130.268234,245.384064,119.758499
5/4/2021,503.179993,125.65863,241.418701,117.712502
5/5/2021,496.079987,125.904327,240.13266,117.836998
5/6/2021,499.549988,127.516235,243.308823,119.067497
5/7/2021,503.839996,128.195587,245.968674,119.934502
5/10/2021,486.690002,124.88752,240.824387,117.083
5/11/2021,495.079987,123.962082,239.898819,115.438004
5/12/2021,484.980011,120.870651,232.854752,111.954002
5/13/2021,486.660004,123.036629,236.781113,113.098503
5/14/2021,493.369995,125.478233,241.76947,115.807999
5/17/2021,488.940002,124.316505,238.875824,116.070503
5/18/2021,486.279999,122.918472,236.829834,115.171501
5/19/2021,487.700012,122.760956,237.415756,115.435501
5/20/2021,501.670013,125.340424,240.696915,117.804497
5/21/2021,497.890015,123.489502,239.417664,117.254997
5/24/2021,502.899994,125.133659,244.896057,120.333504
5/25/2021,501.339996,124.936768,245.81398,120.453499
5/26/2021,502.359985,124.88752,245.589371,121.676498
5/27/2021,503.859985,123.341812,243.460526,120.125504
5/28/2021,502.809998,122.682198,243.821838,120.578003
6/1/2021,499.079987,122.357292,241.595337,121.490501
6/2/2021,499.23999,123.125221,241.497696,121.064003
6/3/2021,489.429993,121.628738,239.945007,120.230499
6/4/2021,494.73999,123.94239,244.905807,122.587997
6/7/2021,494.660004,123.95224,247.85495,123.304497
6/8/2021,492.390015,124.779236,246.644058,124.142502
6/9/2021,485.809998,125.163193,247.640091,124.57
6/10/2021,487.269989,124.158981,251.204453,126.080002
6/11/2021,488.769989,125.379791,251.839264,125.696503
6/14/2021,499.890015,128.461365,253.792297,126.351997
6/15/2021,491.899994,127.634354,252.298172,126.032997
6/16/2021,492.410004,128.136475,251.341187,125.696503
6/17/2021,498.339996,129.751083,254.77858,126.371002
6/18/2021,500.769989,128.441681,253.343063,125.567497
6/21/2021,497,130.25322,256.467926,126.455002
6/22/2021,508.820007,131.907227,259.280426,126.999496
6/23/2021,512.73999,131.631577,259.046112,126.461502
6/24/2021,518.059998,131.346054,260.432739,127.281998
6/25/2021,527.070007,131.050705,258.80191,126.995003
6/28/2021,533.030029,132.69487,262.4151,126.819504
6/29/2021,533.5,134.220871,265.032227,126.018501
6/30/2021,528.210022,134.841125,264.543976,125.316002
7/1/2021,533.539978,135.146317,265.227539,126.3685
7/2/2021,533.97998,137.794708,271.13559,128.718994
7/6/2021,541.640015,139.82283,271.145355,129.770996
7/7/2021,535.960022,142.333389,273.362091,130.077499
7/8/2021,530.76001,141.023941,270.91098,129.177002
7/9/2021,535.97998,142.865051,271.418823,129.574493
7/12/2021,537.309998,142.264496,270.813324,130.563995
7/13/2021,540.679993,143.38681,274.387421,130.994507
7/14/2021,547.950012,146.842545,275.881561,132.082504
7/15/2021,542.950012,146.182907,274.436249,131.266495
7/16/2021,530.309998,144.125214,274.162842,131.845505
7/19/2021,532.280029,140.246201,270.510651,129.253998
7/20/2021,531.049988,143.888947,272.766449,131.101501
7/21/2021,513.630005,143.150543,274.797607,132.600494
7/22/2021,511.769989,144.528885,279.426422,133.328506
7/23/2021,515.409973,146.261673,282.873535,137.815994
7/26/2021,516.48999,146.684998,282.268097,139.644501
7/27/2021,518.909973,144.499374,279.817017,136.796494
7/28/2021,519.299988,142.73703,279.504517,136.3815
7/29/2021,514.25,143.38681,279.777985,136.540497
7/30/2021,517.570007,143.603424,278.225281,135.220993
8/2/2021,515.150024,143.268707,278.13736,135.989502
8/3/2021,510.820007,145.080231,280.383392,136.279999
8/4/2021,517.349976,144.676575,279.78772,136.028503
8/5/2021,524.890015,144.784851,282.727051,136.940002
8/6/2021,520.549988,144.094666,282.668488,137.035995
8/9/2021,519.969971,144.04538,281.565002,138.001999
8/10/2021,515.840027,143.562225,279.71933,138.096497
8/11/2021,512.400024,143.818588,280.217377,137.689499
8/12/2021,510.720001,146.806168,283.010223,138.389496
8/13/2021,515.919983,147.013214,285.978973,138.406006
8/16/2021,517.919983,149.004974,287.687927,138.916
8/17/2021,518.909973,148.087982,286.203522,137.300507
8/18/2021,521.869995,144.311584,284.45224,136.570007
8/19/2021,543.710022,144.646835,290.361816,136.913498
8/20/2021,546.880005,146.115997,297.787872,138.436996
8/23/2021,553.330017,147.6147,298.071625,141.099503
8/24/2021,553.409973,147.52597,296.085419,142.398499
8/25/2021,547.580017,146.2836,295.488678,142.949997
8/26/2021,550.119995,145.475067,292.631683,142.123001
8/27/2021,558.919983,146.520264,293.248077,144.550507
8/30/2021,566.179993,150.976959,297.034546,145.469498
8/31/2021,569.190002,149.705048,295.36145,145.462006
9/1/2021,582.070007,150.375504,295.312531,145.841995
9/2/2021,588.549988,151.499542,294.647247,144.218994
9/3/2021,590.530029,152.140457,294.637421,144.774994
9/7/2021,606.710022,154.496994,293.698151,145.518997
9/8/2021,606.049988,152.939133,293.727448,144.883499
9/9/2021,597.539978,151.913696,290.831421,144.913498
9/10/2021,598.719971,146.885071,289.324615,141.921005
9/13/2021,589.289978,147.456955,290.577057,143.464996
9/14/2021,577.76001,146.046951,293.31662,143.406006
9/15/2021,582.869995,146.944229,298.237976,145.205994
9/16/2021,586.5,146.707596,298.629303,144.373505
9/17/2021,589.349976,144.015778,293.394836,141.463501
9/20/2021,575.429993,140.939453,287.945099,139.016998
9/21/2021,573.140015,141.422577,288.434296,139.6465
9/22/2021,590.650024,143.808701,292.132721,140.938507
9/23/2021,593.26001,144.775024,293.091522,141.826508
9/24/2021,592.390015,144.863739,292.886078,142.632996
9/27/2021,592.640015,143.335419,287.817963,141.501007
9/28/2021,583.849976,139.923874,277.397919,136.184006
9/29/2021,599.059998,140.830978,277.867523,134.520996
9/30/2021,610.340027,139.519608,275.832489,133.265503
10/1/2021,613.150024,140.653534,282.857422,136.462494
10/4/2021,603.349976,137.192627,276.996735,133.764999
10/5/2021,634.809998,139.135071,282.52475,136.177002
10/6/2021,639.099976,140.012604,286.780792,137.354004
10/7/2021,631.849976,141.284546,288.483276,139.185501
10/8/2021,632.659973,140.899994,288.483276,140.056
10/11/2021,627.039978,140.811249,287.876648,138.847504
10/12/2021,624.940002,139.529449,286.555786,136.712997
10/13/2021,629.76001,138.937866,289.911713,137.899994
10/14/2021,633.799988,141.747971,296.212677,141.412003
10/15/2021,628.289978,142.812866,297.641144,141.675003
10/18/2021,637.969971,144.498932,300.654663,142.960495
10/19/2021,639,146.677979,301.574402,143.822006
10/20/2021,625.140015,147.17099,300.772034,142.414993
10/21/2021,653.159973,147.387909,304.049713,142.780502
10/22/2021,664.780029,146.608978,302.484253,138.625
10/25/2021,671.659973,146.559692,301.476471,138.772995
10/26/2021,668.52002,147.230148,303.413696,139.671997
10/27/2021,662.919983,146.766754,316.191742,146.427505
10/28/2021,674.049988,150.434692,317.346252,146.128998
10/29/2021,690.309998,147.703445,324.459229,148.270493
11/1/2021,681.169983,146.875214,322.257813,143.774002
11/2/2021,677.719971,147.92038,325.936646,145.863007
11/3/2021,688.289978,149.369797,326.787903,146.789993
11/4/2021,668.400024,148.847229,329.175201,148.682999
11/5/2021,645.719971,149.380417,328.803406,149.240997
11/8/2021,651.450012,148.55098,329.713257,149.351501
11/9/2021,655.98999,148.916321,328.69577,149.248505
11/10/2021,646.909973,146.062607,323.657013,146.626007
11/11/2021,657.580017,146.013245,325.25177,146.748001
11/12/2021,682.609985,148.106644,329.449188,149.645493
11/15/2021,679.330017,148.116516,328.813232,149.388
11/16/2021,687.400024,149.103943,332.178864,149.076004
11/17/2021,691.690002,151.562683,332.404297,149.061996
11/18/2021,682.02002,155.88768,334.51181,150.709
11/19/2021,678.799988,158.534027,336.315369,149.952499
11/22/2021,659.200012,158.998138,333.10025,147.078506
11/23/2021,654.059998,159.383224,330.99292,146.757004
11/24/2021,658.289978,159.906586,331.218292,146.717499
11/26/2021,665.640015,154.841003,323.151306,142.806
11/29/2021,663.840027,158.227905,329.963684,146.113998
11/30/2021,641.900024,163.22438,324.043274,142.451996
12/1/2021,617.77002,162.701065,323.543396,141.617996
12/2/2021,616.469971,161.70369,322.964996,143.776505
12/3/2021,602.130005,159.807831,316.613403,142.520493
12/6/2021,612.690002,163.244141,319.730438,143.796494
12/7/2021,625.580017,169.030533,328.287537,148.036499
12/8/2021,628.080017,172.881577,328.336578,148.720505
12/9/2021,611,172.368118,326.50351,148.106003
12/10/2021,611.659973,177.196686,335.756622,148.675003
12/13/2021,604.559998,173.533295,332.678833,146.704498
12/14/2021,597.98999,172.141006,321.83783,144.970505
12/15/2021,605.039978,177.048599,328.022919,147.3685
12/16/2021,591.059998,170.096985,318.465942,144.838501
12/17/2021,586.72998,168.991043,317.387726,142.802994
12/20/2021,593.73999,167.618484,313.574768,142.401505
12/21/2021,604.919983,170.817841,320.808594,144.220505
12/22/2021,614.23999,173.43454,326.601593,146.949005
12/23/2021,614.090027,174.066528,328.062042,147.142502
12/27/2021,613.119995,178.065643,335.668396,148.063995
12/28/2021,610.710022,177.038696,334.492157,146.447998
12/29/2021,610.539978,177.127579,335.178314,146.504501
12/30/2021,612.090027,175.962418,332.600372,146.002502
12/31/2021,602.440002,175.340302,329.659821,144.679504
1/3/2022,597.369995,179.724564,328.120911,145.074493
1/4/2022,591.150024,177.443558,322.494568,144.416504
1/5/2022,567.52002,172.723587,310.114685,137.653503
1/6/2022,553.289978,169.840256,307.664246,137.550995
1/7/2022,541.059998,170.008118,307.821014,137.004501
1/10/2022,539.849976,170.027878,308.046448,138.574005
1/11/2022,540.840027,172.881577,308.742401,140.017502
1/12/2022,537.219971,173.325912,311.967255,141.647995
1/13/2022,519.200012,170.027878,298.764008,139.130997
1/14/2022,525.690002,170.896805,304.057098,139.786499
1/18/2022,510.799988,167.667892,296.656586,136.290497
1/19/2022,515.859985,164.142715,297.32309,135.651993
1/20/2022,508.25,162.444305,295.62738,133.5065
1/21/2022,397.5,160.370682,290.167664,130.091995
1/24/2022,387.149994,159.590591,290.500946,130.371994
1/25/2022,366.420013,157.773666,282.776978,126.735497
1/26/2022,359.700012,157.684845,290.834229,129.240005
1/27/2022,386.700012,157.220734,293.902222,129.121002
1/28/2022,384.359985,168.191238,302.155487,133.289505
1/31/2022,427.140015,172.585358,304.821594,135.698502
2/1/2022,457.130005,172.41748,302.645538,137.878494
2/2/2022,429.480011,173.632034,307.252441,148.036499
2/3/2022,405.600006,170.728958,295.284271,142.650497
2/4/2022,410.170013,170.442245,299.881409,143.016006
2/7/2022,402.100006,169.720505,294.990234,138.938004
2/8/2022,403.529999,172.854675,298.528717,139.212997
2/9/2022,412.890015,174.288269,305.046997,141.453003
2/10/2022,406.269989,170.175293,296.391937,138.602493
2/11/2022,391.309998,166.734604,289.197266,134.130005
2/14/2022,396.570007,166.971893,289.158081,135.300003
2/15/2022,407.459991,170.837692,294.519745,136.425507
2/16/2022,398.079987,170.600418,294.175964,137.487503
2/17/2022,386.670013,166.971893,285.561859,132.308502
2/18/2022,391.290009,165.409744,282.811676,130.467499
2/22/2022,377.380005,162.463425,282.605377,129.402496
2/23/2022,367.459991,158.261444,275.287781,127.584999
2/24/2022,390.029999,160.901276,289.353271,132.673492
2/25/2022,390.799988,162.987442,292.024933,134.519501
2/28/2022,394.519989,163.254364,293.478607,134.891006
3/1/2022,386.23999,161.356064,289.706848,134.167999
3/2/2022,380.029999,164.678116,294.853699,134.751495
3/3/2022,368.070007,164.351837,290.659607,134.307999
3/4/2022,361.730011,161.326401,284.707336,132.121994
3/7/2022,350.26001,157.500122,273.951935,126.4645
3/8/2022,341.76001,155.661133,270.946442,127.278503
3/9/2022,358.790009,161.108871,283.371521,133.865997
3/10/2022,356.769989,156.728943,280.513214,132.682007
3/11/2022,340.320007,152.981735,275.09137,130.475494
3/14/2022,331.01001,148.918198,271.525879,126.740997
3/15/2022,343.75,153.337692,282.045532,129.660507
3/16/2022,357.529999,157.78685,289.15683,133.690506
3/17/2022,371.399994,158.805206,289.972046,134.600494
3/18/2022,380.600006,162.127258,295.089478,136.801498
3/21/2022,374.589996,163.511459,293.842041,136.4785
3/22/2022,382.920013,166.912582,298.654907,140.277496
3/23/2022,374.48999,168.286865,294.166138,138.503494
3/24/2022,375.709991,172.103256,298.694183,141.311996
3/25/2022,373.850006,172.745911,298.281647,141.5215
3/28/2022,378.51001,173.615982,305.17688,141.949997
3/29/2022,391.820007,176.938004,309.803131,143.25
3/30/2022,381.470001,175.761459,308.28067,142.644501
3/31/2022,374.589996,172.637146,302.829407,139.649506
4/1/2022,373.470001,172.34053,303.919647,140.699997
4/4/2022,391.5,176.423889,309.371002,143.642502
4/5/2022,380.149994,173.082062,305.353699,141.063004
4/6/2022,368.350006,169.888535,294.175964,137.175995
4/7/2022,362.149994,170.195053,296.012726,136.464996
4/8/2022,355.880005,168.168198,291.690918,134.010498
4/11/2022,348,163.877243,280.189148,129.796494
4/12/2022,344.100006,165.765656,277.045959,128.374496
4/13/2022,350.429993,168.474716,282.507111,130.285995
4/14/2022,341.130005,163.42244,274.855591,127.252998
4/18/2022,337.859985,163.204926,275.533356,127.960999
4/19/2022,348.609985,165.508591,280.228394,130.531006
4/20/2022,226.190002,165.34053,281.269501,128.245499
4/21/2022,218.220001,164.539703,275.818176,124.9375
4/22/2022,215.520004,159.962006,269.158752,119.613998
4/25/2022,209.910004,161.039703,275.729828,123.25
4/26/2022,198.399994,155.028397,265.416473,119.505997
4/27/2022,188.539993,154.80098,278.185303,115.0205
4/28/2022,199.520004,161.791092,284.481415,119.411499
4/29/2022,190.360001,155.868744,272.5867,114.966499
5/2/2022,199.460007,156.175278,279.413147,117.156998
5/3/2022,199.869995,157.678085,276.770966,118.129501
5/4/2022,204.009995,164.144211,284.825195,122.574997
5/5/2022,188.320007,154.998718,272.419708,116.746498
5/6/2022,180.970001,155.73143,269.846283,115.660004
5/9/2022,173.100006,150.56282,259.876709,113.084
5/10/2022,177.660004,152.988693,264.709259,114.584503
5/11/2022,166.369995,145.057587,255.918335,113.960999
5/12/2022,174.309998,141.156357,250.810822,113.161003
5/13/2022,187.639999,145.66156,256.47818,116.515503
5/16/2022,186.509995,144.10701,256.851471,114.792503
5/17/2022,190.559998,147.770615,262.076935,116.7015
5/18/2022,177.190002,139.433502,250.144623,112.401001
5/19/2022,183.479996,135.997665,249.219177,110.745499
5/20/2022,186.350006,136.235306,248.648178,109.313004
5/23/2022,187.440002,141.700943,256.612854,111.666496
5/24/2022,180.339996,138.978027,255.598831,105.926003
5/25/2022,187.830002,139.136459,258.453949,105.8395
5/26/2022,191.399994,142.364365,261.781525,108.295998
5/27/2022,195.190002,148.166656,269.007874,112.799004
5/31/2022,197.440002,147.374542,267.659088,114.039001
6/1/2022,192.910004,147.24585,268.200562,114.137001
6/2/2022,205.089996,149.721207,270.327087,117.746002
6/3/2022,198.979996,143.948608,265.837708,114.564003
6/6/2022,197.139999,144.701126,264.587433,117.010498
6/7/2022,198.610001,147.24585,268.279358,117.2295
6/8/2022,202.830002,146.503204,266.22168,117.237999
6/9/2022,192.770004,141.23558,260.688751,114.917999
6/10/2022,182.940002,135.779846,249.071503,111.427498
6/13/2022,169.690002,130.581512,238.50769,106.876503
6/14/2022,167.539993,131.45285,240.703171,107.194
6/15/2022,180.110001,134.096542,247.860535,110.390503
6/16/2022,173.350006,128.779419,241.17572,106.636002
6/17/2022,175.509995,130.264664,243.814209,107.865501
6/21/2022,170.910004,134.532227,249.809891,112.014999
6/22/2022,178.889999,134.017365,249.209351,112.033997
6/23/2022,181.710007,136.908585,254.850586,112.684502
6/24/2022,190.850006,140.265244,263.55368,118.538002
6/27/2022,189.139999,140.265244,260.78717,116.622498
6/28/2022,179.600006,136.086777,252.507462,112.571503
6/29/2022,178.360001,137.859161,256.228973,112.2565
6/30/2022,174.869995,135.373871,252.852051,109.372498
7/1/2022,179.949997,137.562103,255.559387,109.081001
7/5/2022,185.880005,140.166229,258.778809,113.887001
7/6/2022,184.059998,141.512787,262.086731,115.213501
7/7/2022,189.270004,144.909058,264.242828,119.306
7/8/2022,186.979996,145.592239,263.514252,120.168503
7/11/2022,177.339996,143.443604,260.413055,116.522499
7/12/2022,174.449997,144.423859,249.740967,114.849503
7/13/2022,176.559998,144.05751,248.805695,112.186996
7/14/2022,174.779999,147.008163,250.144623,111.440002
7/15/2022,189.110001,148.691422,252.743713,112.766998
7/18/2022,190.919998,145.621979,250.311981,109.910004
7/19/2022,201.630005,149.513245,255.510208,114.620003
7/20/2022,216.440002,151.533173,258.207794,114.699997
7/21/2022,223.880005,153.820419,260.737915,115.040001
7/22/2022,220.440002,152.572845,256.327393,108.360001
7/25/2022,218.509995,151.444077,254.82103,108.209999
7/26/2022,213.910004,150.107361,247.998383,105.440002
7/27/2022,226.75,155.246262,264.577545,113.599998
7/28/2022,226.020004,155.800751,272.128784,114.589996
7/29/2022,224.899994,160.909927,276.391663,116.639999
8/1/2022,226.210007,159.919769,273.70401,115.480003
8/2/2022,221.419998,158.434525,270.563385,115.900002
8/3/2022,226.729996,164.494293,278.09494,118.779999
8/4/2022,229.910004,164.17746,279.256653,118.870003
8/5/2022,226.779999,163.949402,278.528076,118.220001
8/8/2022,233.490005,163.473465,275.97818,118.139999
8/9/2022,229.940002,163.52301,277.927521,117.5
8/10/2022,244.110001,167.806458,284.681274,120.650002
8/11/2022,242.699997,167.06279,282.574371,119.82
8/12/2022,249.300003,170.642212,287.388733,122.650002
8/15/2022,249.110001,171.722977,288.924561,122.879997
8/16/2022,245.690002,171.564331,288.176331,122.510002
8/17/2022,241.149994,173.071457,287.416656,120.32
8/18/2022,245.169998,172.674835,286.282043,120.860001
8/19/2022,241.160004,170.067139,282.315887,118.120003
8/22/2022,226.539993,166.150589,274.028442,115.07
8/23/2022,224.550003,165.813477,272.735992,114.769997
8/24/2022,229.610001,166.110931,272.094727,114.699997
8/25/2022,233.979996,168.589737,275.113678,117.699997
8/26/2022,223.279999,162.234055,264.497894,111.300003
8/29/2022,224.570007,160.013031,261.676239,110.339996
8/30/2022,220.649994,157.563965,259.446472,109.910004
8/31/2022,223.559998,155.888245,257.966583,109.150002
9/1/2022,230.039993,156.621979,256.910919,110.550003
9/2/2022,226.110001,154.490189,252.629059,108.68
9/6/2022,218.389999,153.221039,249.856705,107.480003
9/7/2022,228.960007,154.638947,254.631851,110.480003
9/8/2022,227.440002,153.151627,255.056091,109.419998
9/9/2022,233.570007,156.036987,260.916443,111.779999
9/12/2022,236.529999,162.045654,263.077118,111.870003
9/13/2022,218.130005,152.53688,248.613586,105.309998
9/14/2022,224.119995,153.994431,248.840515,105.870003
9/15/2022,235.380005,151.07933,242.092163,103.900002
9/16/2022,240.130005,149.423462,241.460739,103.629997
9/19/2022,243.630005,153.171448,241.243668,103.849998
9/20/2022,242.850006,155.570953,239.201401,101.830002
9/21/2022,236.869995,152.417892,235.748291,100.010002
9/22/2022,237.050003,151.446182,237.751099,100.57
9/23/2022,226.410004,149.155746,234.732132,99.169998
9/26/2022,224.070007,149.492874,234.268402,98.809998
9/27/2022,224.360001,150.474503,233.242355,98.089996
9/28/2022,245.199997,148.570755,237.839905,100.739998
9/29/2022,239.710007,141.273102,234.317734,98.089996
9/30/2022,235.440002,137.029343,229.779373,96.150002
10/3/2022,239.039993,141.243362,237.514328,99.300003
10/4/2022,240.740005,144.862457,245.545273,102.410004
10/5/2022,236.729996,145.159882,245.860977,102.220001
10/6/2022,240.020004,144.19812,243.483261,102.239998
10/7/2022,224.75,138.903351,231.101456,99.57
10/10/2022,229.979996,139.23056,226.178299,98.709999
10/11/2022,214.289993,137.80275,222.38974,98.050003
10/12/2022,220.869995,137.168182,222.725174,98.300003
10/13/2022,232.509995,141.778809,231.101456,99.709999
10/14/2022,230,137.207825,225.497528,97.18
10/17/2022,245.100006,141.20372,234.347336,100.779999
10/18/2022,240.860001,142.532364,235.304337,101.389999
10/19/2022,272.380005,142.641434,233.311401,100.290001
10/20/2022,268.160004,142.175415,232.985809,100.529999
10/21/2022,289.570007,146.022537,238.875824,101.480003
10/24/2022,282.450012,148.184052,243.937103,102.970001
10/25/2022,291.019989,151.049591,247.301407,104.93
10/26/2022,298.619995,148.084915,228.220535,94.82
10/27/2022,296.940002,143.573456,223.711761,92.599998
10/28/2022,295.720001,154.420807,232.709564,96.580002
10/31/2022,291.880005,152.041107,229.019699,94.660004
11/1/2022,286.75,149.373901,225.112762,90.5
11/2/2022,273,143.801498,217.150879,87.07
11/3/2022,269.059998,137.703613,211.379257,83.489998
11/4/2022,260.790009,137.43544,218.423599,86.699997
11/7/2022,258.600006,137.971756,224.816788,88.650002
11/8/2022,263.459991,138.547821,225.803375,88.910004
11/9/2022,254.660004,133.949402,221.501801,87.400002
11/10/2022,274.970001,145.867493,239.724304,94.169998
11/11/2022,290.130005,148.678162,243.798981,96.730003
11/14/2022,299.269989,147.267883,238.313477,96.029999
11/15/2022,310.200012,149.015854,238.727859,98.720001
11/16/2022,306.019989,147.774384,239.163162,98.989998
11/17/2022,295.279999,149.691223,239.113693,98.5
11/18/2022,287.980011,150.257324,238.6586,97.800003
11/21/2022,285.049988,146.99971,239.479782,95.830002
11/22/2022,286.690002,149.154892,242.428131,97.330002
11/23/2022,291.5,150.038834,244.95105,98.82
11/25/2022,285.540009,147.09903,244.862,97.599998
11/28/2022,281.170013,143.235596,239.192841,96.25
11/29/2022,280.959991,140.206406,237.77803,95.440002
11/30/2022,305.529999,147.019577,252.430771,101.449997
12/1/2022,316.950012,147.297653,251.98555,101.279999
12/2/2022,320.410004,146.801071,252.312057,100.830002
12/5/2022,312.589996,145.629135,247.543213,99.870003
12/6/2022,305.559998,141.93454,242.517166,97.309998
12/7/2022,308.420013,139.977982,241.775146,95.150002
12/8/2022,310.26001,141.676315,244.772949,93.949997
12/9/2022,320.01001,141.189651,242.813995,93.07
12/12/2022,315.179993,143.503738,249.82869,93.559998
12/13/2022,320.339996,144.477066,254.191864,95.849998
12/14/2022,317.829987,142.232498,254.488708,95.309998
12/15/2022,290.410004,135.568268,246.36586,91.199997
12/16/2022,290.709991,133.591843,242.091751,90.860001
12/19/2022,288.299988,131.466476,237.896759,89.150002
12/20/2022,288.190002,131.396957,239.232437,89.629997
12/21/2022,297.959991,134.525436,241.834488,90.25
12/22/2022,297.75,131.327423,235.660767,88.260002
12/23/2022,294.959991,130.959961,236.195023,89.809998
12/27/2022,284.170013,129.142441,234.443832,87.93
12/28/2022,276.880005,125.179695,232.039612,86.459999
12/29/2022,291.119995,128.725311,238.450821,88.949997
12/30/2022,294.880005,129.043121,237.273438,88.730003
1/3/2023,294.950012,124.216293,237.035995,89.699997
1/4/2023,309.410004,125.497498,226.667282,88.709999
1/5/2023,309.700012,124.166634,219.949371,86.769997
1/6/2023,315.549988,128.735245,222.541565,88.160004
1/9/2023,315.170013,129.261612,224.708282,88.800003
1/10/2023,327.540009,129.837677,226.419937,89.239998
1/11/2023,327.26001,132.578827,233.266464,92.260002
1/12/2023,330.130005,132.49939,235.977356,91.910004
1/13/2023,332.820007,133.840164,236.689697,92.800003
1/17/2023,326.220001,135.0121,237.797821,92.160004
1/18/2023,326.329987,134.287094,233.306015,91.779999
1/19/2023,315.779999,134.346695,229.467224,93.910004
1/20/2023,342.5,136.92894,237.669189,99.279999
1/23/2023,357.420013,140.14682,240.004135,101.209999
1/24/2023,363.829987,141.557114,239.469879,99.209999
1/25/2023,367.959991,140.891693,238.055069,96.730003
1/26/2023,364.869995,142.977371,245.366592,99.160004
1/27/2023,360.769989,144.933899,245.524902,100.709999
1/30/2023,353.109985,142.023911,240.132767,97.949997
1/31/2023,353.859985,143.305099,245.178604,99.870003
2/1/2023,361.98999,144.437317,250.066162,101.43
2/2/2023,366.890015,149.790558,261.790314,108.800003
2/3/2023,365.899994,153.445419,255.60672,105.220001
2/6/2023,361.480011,150.694321,254.043442,103.470001
2/7/2023,362.950012,153.594391,264.718903,108.040001
2/8/2023,366.829987,150.883041,263.897736,100
2/9/2023,362.5,149.840195,260.820709,95.459999
2/10/2023,347.359985,150.208221,260.306244,94.860001
2/13/2023,358.570007,153.033157,268.438934,95
2/14/2023,359.959991,152.386597,269.279938,94.949997
2/15/2023,361.420013,154.50531,267.127594,97.099998
2/16/2023,350.709991,152.893906,260.015961,95.779999
2/17/2023,347.959991,151.740067,255.959274,94.589996
2/21/2023,337.5,147.691666,250.613129,92.050003
2/22/2023,334.880005,148.119385,249.462585,91.800003
2/23/2023,323.649994,148.606781,252.696045,91.07
2/24/2023,317.149994,145.931061,247.191223,89.349998
2/27/2023,323.029999,147.134644,248.123596,90.099998
2/28/2023,322.130005,146.62735,247.389618,90.300003
3/1/2023,313.480011,144.538513,244.265244,90.510002
3/2/2023,311.880005,145.135315,249.065842,92.309998
3/3/2023,315.179993,150.228119,253.211807,94.019997
3/6/2023,312.029999,153.013275,254.778946,95.580002
3/7/2023,308.470001,150.79512,252.081085,94.169998
3/8/2023,311.790009,152.058365,251.634766,94.650002
3/9/2023,297.779999,149.790466,250.266006,92.660004
3/10/2023,292.76001,147.711548,246.56636,91.010002
3/13/2023,293.51001,149.671097,251.852966,91.660004
3/14/2023,294.940002,151.779846,258.667053,94.25
3/15/2023,303.790009,152.177734,263.279144,96.550003
3/16/2023,310.059998,155.022537,273.951599,101.07
3/17/2023,303.5,154.177048,277.155304,102.459999
3/20/2023,305.130005,156.564301,270.013947,101.93
3/21/2023,305.790009,158.434311,271.5513,105.839996
3/22/2023,293.899994,156.99202,270.073456,104.220001
3/23/2023,320.369995,158.086182,275.399719,106.260002
3/24/2023,328.390015,159.39917,278.286011,106.059998
3/27/2023,327.660004,157.439636,274.130157,103.059998
3/28/2023,323.519989,156.812958,272.989532,101.360001
3/29/2023,332.029999,159.916428,278.226501,101.900002
3/30/2023,338.429993,161.497971,281.737701,101.32
3/31/2023,345.480011,164.02449,285.953064,104
4/3/2023,348.279999,165.28775,284.891815,104.910004
4/4/2023,346.75,164.750626,284.842194,105.120003
4/5/2023,342.350006,162.890533,282.02533,104.949997
4/6/2023,339.329987,163.785767,289.226227,108.900002
4/10/2023,338.98999,161.169724,287.03421,106.949997
4/11/2023,338.209991,159.946274,280.527618,106.120003
4/12/2023,331.029999,159.249985,281.18222,105.220001
4/13/2023,346.190002,164.680984,287.48053,108.190002
4/14/2023,338.630005,164.332855,283.810699,109.459999
4/17/2023,332.720001,164.352737,286.449036,106.419998
4/18/2023,333.700012,165.586166,286.022522,105.120003
4/19/2023,323.119995,166.740005,286.101898,105.019997
4/20/2023,325.350006,165.765182,283.780914,105.900002
4/21/2023,327.980011,164.143875,283.433807,105.910004
4/24/2023,329.019989,164.452209,279.476257,106.779999
4/25/2023,322.549988,162.900497,273.177948,104.610001
4/26/2023,321.149994,162.890533,292.965546,104.449997
4/27/2023,325.850006,167.515854,302.348541,108.370003
4/28/2023,329.929993,168.779099,304.758789,108.220001
5/1/2023,324.119995,168.689575,303.072601,107.709999
5/2/2023,317.549988,167.645157,302.923798,105.980003
5/3/2023,319.299988,166.560959,301.922058,106.120003
5/4/2023,320.779999,164.909744,302.923798,105.209999
5/5/2023,322.76001,172.648468,308.121124,106.214996
5/8/2023,331.209991,172.578812,306.137451,108.239998
5/9/2023,332.140015,170.858017,304.500885,107.940002
5/10/2023,335.420013,172.638504,309.767639,112.279999
5/11/2023,344.76001,172.827515,307.585541,116.900002
5/12/2023,339.890015,171.891205,306.454834,117.919998
5/15/2023,335.890015,171.393173,306.940826,116.959999
5/16/2023,333.75,171.393173,309.202271,120.089996
5/17/2023,339.959991,172.010727,312.124725,121.480003
5/18/2023,371.290009,174.361435,316.617737,123.519997
5/19/2023,365.359985,174.471024,316.438782,123.25
5/22/2023,363.01001,173.514771,319.261841,125.870003
5/23/2023,355.98999,170.885162,313.377197,123.290001
5/24/2023,364.850006,171.164063,311.975616,121.639999
5/25/2023,359,172.309555,323.973572,124.349998
5/26/2023,378.880005,174.739944,330.901917,125.43
5/30/2023,392.980011,176.6026,329.231964,124.639999
5/31/2023,395.230011,176.55278,326.428802,123.370003
6/1/2023,403.130005,179.381607,330.59375,124.370003
6/2/2023,400.470001,180.23822,333.396912,125.230003
6/5/2023,403.540009,178.873627,333.933716,126.629997
6/6/2023,399.290009,178.505081,331.687195,127.910004
6/7/2023,399.769989,177.12056,321.4487,122.940002
6/8/2023,409.369995,179.859741,323.317505,122.669998
6/9/2023,420.019989,180.248184,324.838348,122.870003
6/12/2023,423.970001,183.067062,329.868134,124.349998
6/13/2023,435.730011,182.588943,332.293549,124.43
6/14/2023,440.859985,183.22644,335.325348,124.379997
6/15/2023,445.269989,185.27832,346.021088,125.790001
6/16/2023,431.959991,184.192612,340.285522,124.059998
6/20/2023,434.700012,184.282257,336.031097,123.849998
6/21/2023,424.450012,183.236404,331.567932,121.260002
6/22/2023,422.480011,186.264435,337.681152,123.870003
6/23/2023,424.019989,185.945694,333.019196,123.019997
6/26/2023,415.940002,184.541229,326.637543,119.089996
6/27/2023,417.079987,187.320251,332.571899,119.010002
6/28/2023,429.839996,188.505585,333.844238,121.080002
6/29/2023,428.23999,188.844254,333.049011,120.010002
6/30/2023,440.48999,193.207031,338.506195,120.970001
7/3/2023,441.440002,191.702972,335.971436,120.559998
7/5/2023,445.899994,190.577393,336.130493,122.629997
7/6/2023,438.839996,191.055511,339.231842,120.93
7/7/2023,438.100006,189.929947,335.206055,120.139999
7/10/2023,441.709991,187.868103,329.848206,116.870003
7/11/2023,440.209991,187.340195,330.484406,117.709999
7/12/2023,444.049988,189.023544,335.186188,119.620003
7/13/2023,450.380005,189.790497,340.613556,124.830002
7/14/2023,441.910004,189.939926,343.178131,125.699997
7/17/2023,450.049988,193.226944,343.665253,125.059998
7/18/2023,474.799988,192.967972,357.343079,124.080002
7/19/2023,477.589996,194.332581,352.959381,122.779999
7/20/2023,437.420013,192.370331,344.798401,119.529999
7/21/2023,427.5,191.184998,341.716919,120.309998
7/24/2023,428.369995,191.991821,343.04892,121.879997
7/25/2023,427.700012,192.858383,348.88385,122.790001
7/26/2023,422.670013,193.734924,335.752747,129.660004
7/27/2023,413.170013,192.459976,328.744873,129.869995
7/28/2023,425.779999,195.059708,336.349152,133.009995
7/31/2023,438.970001,195.677261,333.913818,133.110001
8/1/2023,438.619995,194.840576,334.331299,131.889999
8/2/2023,429.700012,191.822495,325.544098,128.639999
8/3/2023,431,190.41803,324.709137,128.770004
8/4/2023,431.600006,181.274155,325.822418,128.539993
8/7/2023,440.76001,178.1465,328.138519,131.940002
8/8/2023,438.299988,179.092758,324.102753,131.839996
8/9/2023,428.899994,177.489105,320.305603,130.149994
8/10/2023,429.980011,177.269958,321.001373,130.210007
8/11/2023,421.660004,177.329788,319.092865,130.169998
8/14/2023,427.779999,178.995499,322.104736,131.830002
8/15/2023,423.700012,176.990677,319.937775,130.270004
8/16/2023,415.450012,176.112961,319.160797,129.110001
8/17/2023,403,173.549622,315.654449,130.460007
8/18/2023,404.529999,174.038361,315.255981,128.110001
8/21/2023,408.290009,175.384842,320.635101,128.929993
8/22/2023,413.170013,176.771255,321.21283,129.690002
8/23/2023,427.549988,180.651184,325.735291,133.210007
8/24/2023,406.929993,175.923462,318.732483,130.419998
8/25/2023,416.029999,178.14769,321.730835,130.690002
8/28/2023,418.059998,179.723602,322.448059,131.789993
8/29/2023,429.98999,183.643402,327.139832,135.490005
8/30/2023,434.670013,187.164276,327.518372,136.929993
8/31/2023,433.679993,187.383698,326.492371,137.350006
9/1/2023,439.880005,188.969589,327.388855,136.800003
9/5/2023,448.679993,189.208969,332.259918,136.710007
9/6/2023,445.76001,182.436539,331.59256,135.369995
9/7/2023,443.140015,177.100388,328.634033,136.199997
9/8/2023,442.799988,177.718781,332.977142,137.199997
9/11/2023,445.359985,178.895737,336.632965,137.740005
9/12/2023,434.690002,175.843674,330.486816,136.070007
9/13/2023,412.23999,173.759079,334.760254,137.5
9/14/2023,400.48999,175.28511,337.390015,138.990005
9/15/2023,396.940002,174.556992,328.94281,138.300003
9/18/2023,394.399994,177.509338,327.787292,138.960007
9/19/2023,396.200012,178.606491,327.378876,138.830002
9/20/2023,386.299988,175.035751,319.529388,134.589996
9/21/2023,384.149994,173.479782,318.294189,131.360001
9/22/2023,379.809998,174.33757,315.783936,131.25
9/25/2023,384.799988,175.624237,316.31189,132.169998
9/26/2023,379.25,171.514893,310.93277,129.449997
9/27/2023,377.589996,169.988846,311.580231,131.460007
9/28/2023,376.359985,170.248184,312.426971,133.130005
9/29/2023,377.600006,170.766846,314.528809,131.850006
10/2/2023,380.329987,173.300247,320.555389,135.169998
10/3/2023,376.75,171.953735,312.177917,133.300003
10/4/2023,376.899994,173.210495,317.726379,136.270004
10/5/2023,372.589996,174.45726,318.124817,135.990005
10/6/2023,381.51001,177.030579,325.994293,138.729996
10/9/2023,385.950012,178.526703,328.544373,139.5
10/10/2023,373.320007,177.928253,327.119934,139.199997
10/11/2023,365.929993,179.334595,331.134338,141.699997
10/12/2023,361.200012,180.242249,329.879211,140.289993
10/13/2023,355.679993,178.38707,326.462494,138.580002
10/16/2023,360.820007,178.257385,331.353485,140.490005
10/17/2023,355.720001,176.691452,330.775696,140.990005
10/18/2023,346.190002,175.384842,328.833252,139.279999
10/19/2023,401.769989,175.005844,330.038574,138.979996
10/20/2023,400.959991,172.43251,325.406586,136.740005
10/23/2023,406.839996,172.5522,328.046326,137.899994
10/24/2023,413.730011,172.991058,329.251648,140.119995
10/25/2023,411.25,170.65712,339.352448,126.669998
10/26/2023,403.540009,166.458008,326.621857,123.440002
10/27/2023,397.869995,167.784561,328.534424,123.400002
10/30/2023,410.079987,169.849197,336.005402,125.75
10/31/2023,411.690002,170.327972,336.802307,125.300003
11/1/2023,420.190002,173.519684,344.731537,127.57
11/2/2023,424.709991,177.110367,346.972839,128.580002
11/3/2023,432.359985,176.192734,351.435486,130.369995
11/6/2023,434.73999,178.766068,355.151062,131.449997
11/7/2023,434.609985,181.349365,359.13562,132.399994
11/8/2023,436.649994,182.416595,361.795288,133.259995
11/9/2023,435.149994,181.937836,359.294983,131.690002
11/10/2023,447.23999,186.162445,368.240265,134.059998
11/13/2023,444.619995,184.564499,365.26181,133.639999
11/14/2023,448.649994,187.201126,368.837921,135.429993
11/15/2023,461.940002,187.770386,368.987671,136.380005
11/16/2023,466.950012,189.468246,375.475677,138.699997
11/17/2023,465.910004,189.448257,369.167328,136.940002
11/20/2023,474.470001,191.206009,376.743317,137.919998
11/21/2023,474.950012,190.397049,372.381378,138.619995
11/22/2023,478,191.066193,377.152557,140.020004
11/24/2023,479.559998,189.727905,376.733307,138.220001
11/27/2023,479.170013,189.548126,377.911133,138.050003
11/28/2023,479,190.157349,381.993622,138.619995
11/29/2023,477.190002,189.128662,378.150696,136.399994
11/30/2023,473.970001,189.707916,378.210602,133.919998
12/1/2023,465.73999,190.996292,373.818726,133.320007
12/4/2023,453.899994,189.188583,368.458649,130.630005
12/5/2023,455.149994,193.173508,371.832367,132.389999
12/6/2023,446.730011,192.074921,368.119232,131.429993
12/7/2023,452,194.02243,370.265289,138.449997
12/8/2023,453.76001,195.460587,373.539246,136.639999
12/11/2023,459.890015,192.933807,370.614624,134.699997
12/12/2023,463,194.461868,373.688965,133.639999
12/13/2023,479.980011,197.707718,373.678955,133.970001
12/14/2023,469.829987,197.857529,365.254547,133.199997
12/15/2023,472.059998,197.318222,370.045715,133.839996
12/18/2023,486.119995,195.64035,371.962128,137.190002
12/19/2023,495.019989,196.689026,372.571045,138.100006
12/20/2023,489.269989,194.581711,369.935883,139.660004
12/21/2023,491.609985,194.431885,372.850525,141.800003
12/22/2023,486.76001,193.353287,373.88858,142.720001
12/26/2023,491.190002,192.803986,373.968445,142.820007
12/27/2023,491.790009,192.903839,373.379547,141.440002
12/28/2023,490.51001,193.333298,374.58728,141.279999
12/29/2023,486.880005,192.284637,375.345886,140.929993
1/2/2024,468.5,185.403412,370.185425,139.559998
1/3/2024,470.26001,184.015198,369.915924,140.360001
1/4/2024,474.670013,181.678177,367.260834,138.039993
1/5/2024,474.059998,180.949097,367.071198,137.389999
1/8/2024,485.029999,185.323517,373.998383,140.529999
1/9/2024,482.089996,184.904053,375.096375,142.559998
1/10/2024,478.329987,185.952713,382.063446,143.800003
1/11/2024,492.230011,185.353485,383.920044,143.669998
1/12/2024,492.160004,185.68306,387.75296,144.240005
1/16/2024,481.23999,183.395981,389.549622,144.080002
1/17/2024,480.329987,182.447189,388.751099,142.889999
1/18/2024,485.309998,188.389618,393.142975,144.990005
1/19/2024,482.950012,191.315872,397.934143,147.970001
1/22/2024,485.709991,193.642899,395.778107,147.710007
1/23/2024,492.190002,194.931259,398.163696,148.679993
1/24/2024,544.869995,194.252121,401.816925,150.350006
1/25/2024,562,193.922546,404.122681,153.639999
1/26/2024,570.419983,192.174774,403.184418,153.789993
1/29/2024,575.789978,191.485657,408.963715,154.839996
1/30/2024,562.849976,187.800354,407.835815,153.050003
1/31/2024,564.109985,184.164993,396.84613,141.800003
2/1/2024,567.51001,186.621872,403.034698,142.710007
2/2/2024,564.640015,185.613159,410.460968,143.539993
2/5/2024,562.059998,187.440811,404.901245,144.929993
2/6/2024,555.880005,189.058762,404.741516,145.410004
2/7/2024,559.299988,189.168625,413.285706,146.679993
2/8/2024,558.530029,188.080017,413.345612,147.220001
2/9/2024,561.320007,188.850006,419.773712,150.220001
2/12/2024,557.849976,187.149994,414.4935,148.729996
2/13/2024,554.52002,185.039993,405.570007,146.369995
2/14/2024,579.330017,184.149994,409.48999,147.139999
2/15/2024,593.460022,183.860001,406.559998,143.940002
2/16/2024,583.950012,182.309998,404.059998,141.759995
2/20/2024,575.130005,181.559998,402.790009,142.199997
2/21/2024,573.349976,182.320007,402.179993,143.839996
2/22/2024,588.469971,184.369995,411.649994,145.320007
2/23/2024,583.559998,182.520004,410.339996,145.289993
2/26/2024,587.650024,181.160004,407.540009,138.75
2/27/2024,601.669983,182.630005,407.480011,140.100006
2/28/2024,596.47998,181.419998,407.720001,137.429993
2/29/2024,602.919983,180.75,413.640015,139.779999
3/1/2024,619.340027,179.660004,415.5,138.080002
3/4/2024,615.830017,175.100006,414.920013,134.199997
3/5/2024,598.5,170.119995,402.649994,133.779999
3/6/2024,597.690002,169.119995,402.089996,132.559998
3/7/2024,608.51001,169,409.140015,135.240005
3/8/2024,604.820007,170.729996,406.220001,136.289993
3/11/2024,600.929993,172.75,404.519989,138.940002
3/12/2024,611.080017,173.229996,415.279999,139.619995
3/13/2024,609.450012,171.130005,415.100006,140.770004
3/14/2024,613.01001,173,425.220001,144.339996
3/15/2024,605.880005,172.619995,416.420013,142.169998
3/18/2024,618.390015,173.720001,417.320007,148.479996
3/19/2024,620.73999,176.080002,421.410004,147.919998
3/20/2024,627.690002,178.669998,425.230011,149.679993
3/21/2024,622.710022,171.369995,429.369995,148.740005
3/22/2024,628.01001,172.279999,428.73999,151.770004
3/25/2024,627.460022,170.850006,422.859985,151.149994
3/26/2024,629.23999,169.710007,421.649994,151.699997
3/27/2024,613.530029,173.309998,421.429993,151.940002
3/28/2024,607.330017,171.479996,420.720001,152.259995
4/1/2024,614.309998,170.029999,424.570007,156.5
4/2/2024,614.210022,168.839996,421.440002,155.869995
4/3/2024,630.080017,169.649994,420.450012,156.369995
4/4/2024,617.140015,168.820007,417.880005,151.940002
4/5/2024,636.179993,169.580002,425.519989,153.940002
4/8/2024,628.409973,168.449997,424.589996,156.139999
4/9/2024,618.200012,169.669998,426.279999,158.139999
4/10/2024,618.580017,167.779999,423.26001,157.660004
4/11/2024,628.780029,175.039993,427.929993,160.789993
4/12/2024,622.830017,176.550003,421.899994,159.190002
4/15/2024,607.150024,172.690002,413.640015,156.330002
4/16/2024,617.52002,169.380005,414.579987,156
4/17/2024,613.690002,168,411.839996,156.880005
4/18/2024,610.559998,167.039993,404.269989,157.460007
4/19/2024,555.039978,165,399.119995,155.720001
